[
    {
        "id": 1,
        "user_id": 1,
        "text": "Kecha kelgumdur debon ul farangizu kelmadi"
    },
    {
        "id": 2,
        "user_id": 3,
        "text": "Ko'chalar hu begona ko'chalar stalba lip lip etti mushuk deydi miyov miyov"
    },
    {
        "id": 3,
        "user_id": 2,
        "text": "Qizil olma shirin bo'larkan yarim oy bir kun ertalab bo'larkan"
    },
    {
        "id": 4,
        "user_id": 1,
        "text": "7-qavatda qolib ketti eshmatbekning kaliti"
    },
    {
        "id": 5,
        "user_id": 2,
        "text": "Odamlar nima deydi qanaqa ayti qo'yini boq davay qanaqa dasturlash qanaqa o'yinlar sigiri sog' davay"
    },
    {
        "id": 6,
        "user_id": 3,
        "text": "Test"
    }
]